family,var_a,var_b,block,relation,test,effect,effect_size,ci_lo,ci_hi,p,q,n,rows,cols,min_expected,interpretation
categorical,Relationship to head,Educational attendance,demographic,substantive,chi2,cramers_v,0.4969,,,0.0,0.0,70,7.0,5.0,0.0143,moderate
categorical,Uses renewable source,Solar user,energy,substantive,fisher,cramers_v,0.6487,,,0.0,0.0001,70,2.0,2.0,2.7429,large
categorical,Educational attendance,Main occupation,demographic,substantive,chi2,cramers_v,0.2847,,,0.0017,0.0889,70,5.0,5.0,0.0143,small
categorical,House type,Roof type,dwelling,substantive,chi2,cramers_v,0.3474,,,0.0019,0.0889,70,5.0,3.0,0.1,moderate
categorical,Main occupation,Bill-payment practice,demographic~energy,substantive,chi2,cramers_v,0.2942,,,0.0032,0.1234,70,5.0,4.0,0.1,small
categorical,Outer-wall material,Roof type,dwelling,substantive,chi2,cramers_v,0.2731,,,0.0067,0.212,70,3.0,3.0,0.4,small
categorical,Architectural design level,Professional wiring,dwelling~energy,substantive,chi2,cramers_v,0.306,,,0.0112,0.275,70,6.0,3.0,0.0429,moderate
categorical,Relationship to head,Gender,demographic,substantive,chi2,cramers_v,0.38,,,0.0135,0.275,70,7.0,2.0,0.1857,moderate
categorical,Relationship to head,Meter-checking frequency,demographic~behaviour,substantive,chi2,cramers_v,0.2724,,,0.0159,0.275,70,7.0,4.0,0.2,small
categorical,Roof type,Ironing efficiency,dwelling~behaviour,substantive,chi2,cramers_v,0.2783,,,0.0169,0.275,70,3.0,5.0,0.3,small
categorical,Main occupation,Ironing efficiency,demographic~behaviour,substantive,chi2,cramers_v,0.2302,,,0.0169,0.275,70,5.0,5.0,0.0429,small
categorical,Relationship to head,Energy-rating awareness,demographic~behaviour,substantive,chi2,cramers_v,0.3635,,,0.0187,0.275,70,7.0,2.0,0.2714,moderate
categorical,Architectural design level,Solar user,dwelling~energy,substantive,chi2,cramers_v,0.3503,,,0.0188,0.275,70,6.0,2.0,0.2286,moderate
categorical,Gender,Province,demographic~context,substantive,chi2,cramers_v,0.3383,,,0.0237,0.3217,70,2.0,6.0,0.1857,moderate
categorical,Gender,Bill-payment practice,demographic~energy,substantive,chi2,cramers_v,0.2984,,,0.0269,0.3409,70,2.0,4.0,1.3,small
categorical,Construction period,Roof type,dwelling,substantive,chi2,cramers_v,0.2551,,,0.0403,0.422,70,6.0,3.0,0.6,small
categorical,Main occupation,Any disconnection notice,demographic~energy,substantive,chi2,cramers_v,0.293,,,0.0408,0.422,70,5.0,2.0,0.2,small
categorical,Construction period,Relationship to head,dwelling~demographic,substantive,chi2,cramers_v,0.2072,,,0.0441,0.422,70,6.0,7.0,0.0857,small
categorical,Architectural design level,Province,dwelling~context,substantive,chi2,cramers_v,0.1973,,,0.0462,0.422,70,6.0,6.0,0.0143,small
categorical,Architectural design level,Uses renewable source,dwelling~energy,substantive,chi2,cramers_v,0.2974,,,0.048,0.422,70,6.0,2.0,0.1714,small
categorical,Construction period,Main occupation,dwelling~demographic,substantive,chi2,cramers_v,0.2063,,,0.0487,0.422,70,6.0,5.0,0.0857,small
categorical,Outer-wall material,Relationship to head,dwelling~demographic,substantive,chi2,cramers_v,0.2552,,,0.05,0.422,70,3.0,7.0,0.0571,small
categorical,Construction period,Architectural design level,dwelling,substantive,chi2,cramers_v,0.1928,,,0.0525,0.422,70,6.0,6.0,0.0857,small
categorical,House type,Ironing efficiency,dwelling~behaviour,substantive,chi2,cramers_v,0.1928,,,0.0535,0.422,70,5.0,5.0,0.0429,small
categorical,Construction period,Outer-wall material,dwelling,substantive,chi2,cramers_v,0.2399,,,0.0555,0.422,70,6.0,3.0,0.3429,small
categorical,Educational attendance,Bill-payment practice,demographic~energy,substantive,chi2,cramers_v,0.1944,,,0.0717,0.5081,70,5.0,4.0,0.1,small
categorical,Gender,Meter-checking frequency,demographic~behaviour,substantive,chi2,cramers_v,0.2392,,,0.0722,0.5081,70,2.0,4.0,2.6,small
categorical,Bill-payment practice,Night-lighting restraint,energy~behaviour,substantive,chi2,cramers_v,0.196,,,0.0793,0.5298,70,4.0,3.0,0.6,small
categorical,Relationship to head,Solar user,demographic~energy,substantive,chi2,cramers_v,0.2736,,,0.0809,0.5298,70,7.0,2.0,0.2286,small
categorical,Ironing efficiency,Meter-checking frequency,behaviour,substantive,chi2,cramers_v,0.1811,,,0.0944,0.598,70,5.0,4.0,0.6,small
categorical,Outer-wall material,Meter-checking frequency,dwelling~behaviour,substantive,chi2,cramers_v,0.1832,,,0.0999,0.6123,70,3.0,4.0,0.8,small
categorical,Meter-checking frequency,Energy-rating awareness,behaviour,substantive,chi2,cramers_v,0.2078,,,0.1105,0.6446,70,4.0,2.0,3.8,small
categorical,Bill-payment practice,Energy-rating awareness,energy~behaviour,substantive,chi2,cramers_v,0.1995,,,0.1224,0.6446,70,4.0,2.0,1.9,small
categorical,Bill-payment practice,Any disconnection notice,energy,substantive,chi2,cramers_v,0.1983,,,0.1242,0.6446,70,4.0,2.0,1.4,small
categorical,Roof type,Night-lighting restraint,dwelling~behaviour,substantive,chi2,cramers_v,0.1518,,,0.1263,0.6446,70,3.0,3.0,0.6,small
categorical,Architectural design level,Night-lighting restraint,dwelling~behaviour,substantive,chi2,cramers_v,0.1918,,,0.1268,0.6446,70,6.0,3.0,0.0857,small
categorical,Architectural design level,Bill-payment practice,dwelling~energy,substantive,chi2,cramers_v,0.174,,,0.1274,0.6446,70,6.0,4.0,0.1,small
categorical,Province,Meter-checking frequency,context~behaviour,substantive,chi2,cramers_v,0.1718,,,0.1322,0.6446,70,6.0,4.0,0.2,small
categorical,Professional wiring,Energy-rating awareness,energy~behaviour,substantive,chi2,cramers_v,0.1669,,,0.1386,0.6446,70,3.0,2.0,0.8143,small
categorical,Construction period,Ironing efficiency,dwelling~behaviour,substantive,chi2,cramers_v,0.1579,,,0.1391,0.6446,70,6.0,5.0,0.2571,small
categorical,Architectural design level,Energy-rating awareness,dwelling~behaviour,substantive,chi2,cramers_v,0.2128,,,0.1458,0.6446,70,6.0,2.0,0.2714,small
categorical,Bill-payment practice,Ironing efficiency,energy~behaviour,substantive,chi2,cramers_v,0.1554,,,0.1487,0.6446,70,4.0,5.0,0.3,small
categorical,Architectural design level,House type,dwelling,substantive,chi2,cramers_v,0.152,,,0.1535,0.6446,70,6.0,5.0,0.0143,small
categorical,Main occupation,Professional wiring,demographic~energy,substantive,chi2,cramers_v,0.1673,,,0.1547,0.6446,70,5.0,3.0,0.0429,small
categorical,Gender,Solar user,demographic~energy,substantive,fisher,cramers_v,0.1313,,,0.1561,0.6446,70,2.0,2.0,2.9714,small
categorical,Uses renewable source,Energy-rating awareness,energy~behaviour,substantive,fisher,cramers_v,0.1512,,,0.159,0.6446,70,2.0,2.0,3.2571,small
categorical,Ironing efficiency,Night-lighting restraint,behaviour,substantive,chi2,cramers_v,0.165,,,0.1596,0.6446,70,5.0,3.0,0.2571,small
categorical,Roof type,Uses renewable source,dwelling~energy,substantive,chi2,cramers_v,0.1523,,,0.1628,0.6446,70,3.0,2.0,1.2,small
categorical,Architectural design level,Any disconnection notice,dwelling~energy,substantive,chi2,cramers_v,0.1955,,,0.1731,0.671,70,6.0,2.0,0.2,small
categorical,Province,Night-lighting restraint,context~behaviour,substantive,chi2,cramers_v,0.1635,,,0.1833,0.6967,70,6.0,3.0,0.0857,small
categorical,Solar user,Night-lighting restraint,energy~behaviour,substantive,chi2,cramers_v,0.1381,,,0.1878,0.6995,70,2.0,3.0,1.3714,small
categorical,Construction period,Province,dwelling~context,substantive,chi2,cramers_v,0.1266,,,0.2038,0.7446,70,6.0,6.0,0.0857,small
categorical,Outer-wall material,Professional wiring,dwelling~energy,substantive,chi2,cramers_v,0.1101,,,0.2222,0.7966,70,3.0,3.0,0.1714,small
categorical,Relationship to head,Night-lighting restraint,demographic~behaviour,substantive,chi2,cramers_v,0.1507,,,0.2274,0.8002,70,7.0,3.0,0.0857,small
categorical,Educational attendance,Energy-rating awareness,demographic~behaviour,substantive,chi2,cramers_v,0.1358,,,0.2551,0.8321,70,5.0,2.0,0.2714,small
categorical,Bill-payment practice,Bill-calculation literacy,energy~behaviour,substantive,chi2,cramers_v,0.1114,,,0.2551,0.8321,70,4.0,3.0,1.4,small
categorical,Architectural design level,Relationship to head,dwelling~demographic,substantive,chi2,cramers_v,0.1116,,,0.2621,0.8321,70,6.0,7.0,0.0143,small
categorical,Relationship to head,Uses renewable source,demographic~energy,substantive,chi2,cramers_v,0.1521,,,0.2622,0.8321,70,7.0,2.0,0.1714,small
categorical,Educational attendance,Any disconnection notice,demographic~energy,substantive,chi2,cramers_v,0.1259,,,0.2721,0.8321,70,5.0,2.0,0.2,small
categorical,Professional wiring,Ironing efficiency,energy~behaviour,substantive,chi2,cramers_v,0.1143,,,0.2726,0.8321,70,3.0,5.0,0.1286,small
categorical,Outer-wall material,Educational attendance,dwelling~demographic,substantive,chi2,cramers_v,0.1138,,,0.2738,0.8321,70,3.0,5.0,0.0571,small
categorical,Gender,Any disconnection notice,demographic~energy,substantive,fisher,cramers_v,0.0455,,,0.2768,0.8321,70,2.0,2.0,2.6,negligible
categorical,Relationship to head,Main occupation,demographic,substantive,chi2,cramers_v,0.1111,,,0.277,0.8321,70,7.0,5.0,0.0143,small
categorical,Any disconnection notice,Bill-calculation literacy,energy~behaviour,substantive,chi2,cramers_v,0.0864,,,0.2803,0.8321,70,2.0,3.0,2.8,negligible
categorical,Roof type,Bill-payment practice,dwelling~energy,substantive,chi2,cramers_v,0.0985,,,0.285,0.833,70,3.0,4.0,0.7,negligible
categorical,House type,Bill-calculation literacy,dwelling~behaviour,substantive,chi2,cramers_v,0.1003,,,0.3032,0.837,70,5.0,3.0,0.2,small
categorical,Solar user,Bill-calculation literacy,energy~behaviour,substantive,chi2,cramers_v,0.0715,,,0.3039,0.837,70,2.0,3.0,3.2,negligible
categorical,Architectural design level,Roof type,dwelling,substantive,chi2,cramers_v,0.1063,,,0.3069,0.837,70,6.0,3.0,0.1,small
categorical,Roof type,Any disconnection notice,dwelling~energy,substantive,chi2,cramers_v,0.0682,,,0.3089,0.837,70,3.0,2.0,1.4,negligible
categorical,Relationship to head,Bill-payment practice,demographic~energy,substantive,chi2,cramers_v,0.1029,,,0.3115,0.837,70,7.0,4.0,0.1,small
categorical,Relationship to head,Any disconnection notice,demographic~energy,substantive,chi2,cramers_v,0.1169,,,0.3182,0.837,70,7.0,2.0,0.2,small
categorical,Educational attendance,Bill-calculation literacy,demographic~behaviour,substantive,chi2,cramers_v,0.0879,,,0.3285,0.837,70,5.0,3.0,0.2,negligible
categorical,Relationship to head,Professional wiring,demographic~energy,substantive,chi2,cramers_v,0.0998,,,0.3319,0.837,70,7.0,3.0,0.0429,negligible
categorical,Construction period,Energy-rating awareness,dwelling~behaviour,substantive,chi2,cramers_v,0.0979,,,0.3329,0.837,70,6.0,2.0,1.6286,negligible
categorical,Construction period,Educational attendance,dwelling~demographic,substantive,chi2,cramers_v,0.0832,,,0.3342,0.837,70,6.0,5.0,0.0857,negligible
categorical,Professional wiring,Province,energy~context,substantive,chi2,cramers_v,0.0921,,,0.3348,0.837,70,3.0,6.0,0.0429,negligible
categorical,Professional wiring,Meter-checking frequency,energy~behaviour,substantive,chi2,cramers_v,0.0657,,,0.352,0.8518,70,3.0,4.0,0.6,negligible
categorical,Bill-calculation literacy,Ironing efficiency,behaviour,substantive,chi2,cramers_v,0.0746,,,0.3532,0.8518,70,3.0,5.0,0.6,negligible
categorical,Outer-wall material,Night-lighting restraint,dwelling~behaviour,substantive,chi2,cramers_v,0.0504,,,0.3541,0.8518,70,3.0,3.0,0.3429,negligible
categorical,Architectural design level,Ironing efficiency,dwelling~behaviour,substantive,chi2,cramers_v,0.0655,,,0.3727,0.8848,70,6.0,5.0,0.0429,negligible
categorical,Province,Ironing efficiency,context~behaviour,substantive,chi2,cramers_v,0.0564,,,0.3897,0.8848,70,6.0,5.0,0.0429,negligible
categorical,Roof type,Solar user,dwelling~energy,substantive,chi2,cramers_v,0.0,,,0.3898,0.8848,70,3.0,2.0,1.6,negligible
categorical,Main occupation,Solar user,demographic~energy,substantive,chi2,cramers_v,0.0234,,,0.3932,0.8848,70,5.0,2.0,0.2286,negligible
categorical,Architectural design level,Gender,dwelling~demographic,substantive,chi2,cramers_v,0.0,,,0.41,0.8848,70,6.0,2.0,0.1857,negligible
categorical,House type,Night-lighting restraint,dwelling~behaviour,substantive,chi2,cramers_v,0.0291,,,0.4112,0.8848,70,5.0,3.0,0.0857,negligible
categorical,Relationship to head,Bill-calculation literacy,demographic~behaviour,substantive,chi2,cramers_v,0.0435,,,0.4117,0.8848,70,7.0,3.0,0.2,negligible
categorical,Construction period,Gender,dwelling~demographic,substantive,chi2,cramers_v,0.0,,,0.413,0.8848,70,6.0,2.0,1.1143,negligible
categorical,Bill-payment practice,Solar user,energy,substantive,chi2,cramers_v,0.0,,,0.4138,0.8848,70,4.0,2.0,1.6,negligible
categorical,Construction period,Meter-checking frequency,dwelling~behaviour,substantive,chi2,cramers_v,0.0363,,,0.4173,0.8848,70,6.0,4.0,1.2,negligible
categorical,Uses renewable source,Night-lighting restraint,energy~behaviour,substantive,chi2,cramers_v,0.0,,,0.4219,0.8848,70,2.0,3.0,1.0286,negligible
categorical,Bill-payment practice,Professional wiring,energy,substantive,chi2,cramers_v,0.0,,,0.4238,0.8848,70,4.0,3.0,0.3,negligible
categorical,Any disconnection notice,Night-lighting restraint,energy~behaviour,substantive,chi2,cramers_v,0.0,,,0.4317,0.8915,70,2.0,3.0,1.2,negligible
categorical,Construction period,Bill-payment practice,dwelling~energy,substantive,chi2,cramers_v,0.0,,,0.4527,0.9155,70,6.0,4.0,0.6,negligible
categorical,Main occupation,Bill-calculation literacy,demographic~behaviour,substantive,chi2,cramers_v,0.0,,,0.4659,0.9155,70,5.0,3.0,0.2,negligible
categorical,Uses renewable source,Bill-calculation literacy,energy~behaviour,substantive,chi2,cramers_v,0.0,,,0.4797,0.9155,70,2.0,3.0,2.4,negligible
categorical,Uses renewable source,Province,energy~context,substantive,chi2,cramers_v,0.0,,,0.4798,0.9155,70,2.0,6.0,0.1714,negligible
categorical,Gender,Energy-rating awareness,demographic~behaviour,substantive,fisher,cramers_v,0.0384,,,0.4907,0.9155,70,2.0,2.0,3.5286,negligible
categorical,Gender,Professional wiring,demographic~energy,substantive,chi2,cramers_v,0.0,,,0.4961,0.9155,70,2.0,3.0,0.5571,negligible
categorical,Bill-calculation literacy,Energy-rating awareness,behaviour,substantive,chi2,cramers_v,0.0,,,0.4962,0.9155,70,3.0,2.0,3.8,negligible
categorical,Outer-wall material,Bill-calculation literacy,dwelling~behaviour,substantive,chi2,cramers_v,0.0,,,0.4976,0.9155,70,3.0,3.0,0.8,negligible
categorical,Main occupation,Energy-rating awareness,demographic~behaviour,substantive,chi2,cramers_v,0.0,,,0.5039,0.9155,70,5.0,2.0,0.2714,negligible
categorical,House type,Bill-payment practice,dwelling~energy,substantive,chi2,cramers_v,0.0,,,0.5047,0.9155,70,5.0,4.0,0.1,negligible
categorical,House type,Outer-wall material,dwelling,substantive,chi2,cramers_v,0.0,,,0.5079,0.9155,70,5.0,3.0,0.0571,negligible
categorical,Roof type,Educational attendance,dwelling~demographic,substantive,chi2,cramers_v,0.0,,,0.509,0.9155,70,3.0,5.0,0.1,negligible
categorical,Night-lighting restraint,Meter-checking frequency,behaviour,substantive,chi2,cramers_v,0.0,,,0.511,0.9155,70,3.0,4.0,1.2,negligible
categorical,House type,Energy-rating awareness,dwelling~behaviour,substantive,chi2,cramers_v,0.0,,,0.5149,0.9155,70,5.0,2.0,0.2714,negligible
categorical,Educational attendance,Night-lighting restraint,demographic~behaviour,substantive,chi2,cramers_v,0.0,,,0.5155,0.9155,70,5.0,3.0,0.0857,negligible
categorical,Solar user,Energy-rating awareness,energy~behaviour,substantive,fisher,cramers_v,0.0,,,0.5286,0.9247,70,2.0,2.0,4.3429,negligible
categorical,Bill-payment practice,Province,energy~context,substantive,chi2,cramers_v,0.0,,,0.5313,0.9247,70,4.0,6.0,0.1,negligible
categorical,Educational attendance,Ironing efficiency,demographic~behaviour,substantive,chi2,cramers_v,0.0,,,0.5376,0.9247,70,5.0,5.0,0.0429,negligible
categorical,Roof type,Bill-calculation literacy,dwelling~behaviour,substantive,chi2,cramers_v,0.0,,,0.5403,0.9247,70,3.0,3.0,1.4,negligible
categorical,Roof type,Energy-rating awareness,dwelling~behaviour,substantive,chi2,cramers_v,0.0,,,0.551,0.9247,70,3.0,2.0,1.9,negligible
categorical,Solar user,Ironing efficiency,energy~behaviour,substantive,chi2,cramers_v,0.0,,,0.5526,0.9247,70,2.0,5.0,0.6857,negligible
categorical,Professional wiring,Solar user,energy,substantive,chi2,cramers_v,0.0,,,0.5548,0.9247,70,3.0,2.0,0.6857,negligible
categorical,Bill-payment practice,Meter-checking frequency,energy~behaviour,substantive,chi2,cramers_v,0.0,,,0.5671,0.9278,70,4.0,4.0,1.4,negligible
categorical,Any disconnection notice,Province,energy~context,substantive,chi2,cramers_v,0.0,,,0.5695,0.9278,70,2.0,6.0,0.2,negligible
categorical,House type,Gender,dwelling~demographic,substantive,chi2,cramers_v,0.0,,,0.5713,0.9278,70,5.0,2.0,0.1857,negligible
categorical,Outer-wall material,Gender,dwelling~demographic,substantive,chi2,cramers_v,0.0,,,0.5794,0.9281,70,3.0,2.0,0.7429,negligible
categorical,Roof type,Province,dwelling~context,substantive,chi2,cramers_v,0.0,,,0.5858,0.9281,70,3.0,6.0,0.1,negligible
categorical,Educational attendance,Solar user,demographic~energy,substantive,chi2,cramers_v,0.0,,,0.5885,0.9281,70,5.0,2.0,0.2286,negligible
categorical,Uses renewable source,Ironing efficiency,energy~behaviour,substantive,chi2,cramers_v,0.0,,,0.5934,0.9281,70,2.0,5.0,0.5143,negligible
categorical,Bill-calculation literacy,Meter-checking frequency,behaviour,substantive,chi2,cramers_v,0.0,,,0.6003,0.9281,70,3.0,4.0,2.8,negligible
categorical,Outer-wall material,Energy-rating awareness,dwelling~behaviour,substantive,chi2,cramers_v,0.0,,,0.6015,0.9281,70,3.0,2.0,1.0857,negligible
categorical,Professional wiring,Any disconnection notice,energy,substantive,chi2,cramers_v,0.0,,,0.6072,0.9281,70,3.0,2.0,0.6,negligible
categorical,House type,Any disconnection notice,dwelling~energy,substantive,chi2,cramers_v,0.0,,,0.6117,0.9281,70,5.0,2.0,0.2,negligible
categorical,Roof type,Relationship to head,dwelling~demographic,substantive,chi2,cramers_v,0.0,,,0.617,0.9281,70,3.0,7.0,0.1,negligible
categorical,Bill-payment practice,Uses renewable source,energy,substantive,chi2,cramers_v,0.0,,,0.6204,0.9281,70,4.0,2.0,1.2,negligible
categorical,Professional wiring,Uses renewable source,energy,substantive,chi2,cramers_v,0.0,,,0.6315,0.9374,70,3.0,2.0,0.5143,negligible
categorical,Solar user,Meter-checking frequency,energy~behaviour,substantive,chi2,cramers_v,0.0,,,0.6479,0.9479,70,2.0,4.0,3.2,negligible
categorical,Construction period,Professional wiring,dwelling~energy,substantive,chi2,cramers_v,0.0,,,0.6523,0.9479,70,6.0,3.0,0.2571,negligible
categorical,Roof type,Main occupation,dwelling~demographic,substantive,chi2,cramers_v,0.0,,,0.6564,0.9479,70,3.0,5.0,0.1,negligible
categorical,Main occupation,Meter-checking frequency,demographic~behaviour,substantive,chi2,cramers_v,0.0,,,0.6585,0.9479,70,5.0,4.0,0.2,negligible
categorical,Professional wiring,Bill-calculation literacy,energy~behaviour,substantive,chi2,cramers_v,0.0,,,0.6676,0.9526,70,3.0,3.0,0.6,negligible
categorical,Main occupation,Uses renewable source,demographic~energy,substantive,chi2,cramers_v,0.0,,,0.6719,0.9526,70,5.0,2.0,0.1714,negligible
categorical,Any disconnection notice,Meter-checking frequency,energy~behaviour,substantive,chi2,cramers_v,0.0,,,0.6782,0.9544,70,2.0,4.0,2.8,negligible
categorical,Educational attendance,Uses renewable source,demographic~energy,substantive,chi2,cramers_v,0.0,,,0.7085,0.984,70,5.0,2.0,0.1714,negligible
categorical,House type,Educational attendance,dwelling~demographic,substantive,chi2,cramers_v,0.0,,,0.7127,0.984,70,5.0,5.0,0.0143,negligible
categorical,Solar user,Province,energy~context,substantive,chi2,cramers_v,0.0,,,0.716,0.984,70,2.0,6.0,0.2286,negligible
categorical,Construction period,Night-lighting restraint,dwelling~behaviour,substantive,chi2,cramers_v,0.0,,,0.7232,0.984,70,6.0,3.0,0.5143,negligible
categorical,Gender,Educational attendance,demographic,substantive,chi2,cramers_v,0.0,,,0.7324,0.984,70,2.0,5.0,0.1857,negligible
categorical,Architectural design level,Bill-calculation literacy,dwelling~behaviour,substantive,chi2,cramers_v,0.0,,,0.7379,0.984,70,6.0,3.0,0.2,negligible
categorical,Roof type,Professional wiring,dwelling~energy,substantive,chi2,cramers_v,0.0,,,0.743,0.984,70,3.0,3.0,0.3,negligible
categorical,Educational attendance,Meter-checking frequency,demographic~behaviour,substantive,chi2,cramers_v,0.0,,,0.7487,0.984,70,5.0,4.0,0.2,negligible
categorical,Roof type,Gender,dwelling~demographic,substantive,chi2,cramers_v,0.0,,,0.7598,0.984,70,3.0,2.0,1.3,negligible
categorical,Night-lighting restraint,Energy-rating awareness,behaviour,substantive,chi2,cramers_v,0.0,,,0.7714,0.984,70,3.0,2.0,1.6286,negligible
categorical,Construction period,Solar user,dwelling~energy,substantive,chi2,cramers_v,0.0,,,0.7742,0.984,70,6.0,2.0,1.3714,negligible
categorical,Any disconnection notice,Ironing efficiency,energy~behaviour,substantive,chi2,cramers_v,0.0,,,0.7792,0.984,70,2.0,5.0,0.6,negligible
categorical,Architectural design level,Educational attendance,dwelling~demographic,substantive,chi2,cramers_v,0.0,,,0.7818,0.984,70,6.0,5.0,0.0143,negligible
categorical,Roof type,Meter-checking frequency,dwelling~behaviour,substantive,chi2,cramers_v,0.0,,,0.7917,0.984,70,3.0,4.0,1.4,negligible
categorical,Architectural design level,Outer-wall material,dwelling,substantive,chi2,cramers_v,0.0,,,0.7946,0.984,70,6.0,3.0,0.0571,negligible
categorical,Gender,Ironing efficiency,demographic~behaviour,substantive,chi2,cramers_v,0.0,,,0.8021,0.984,70,2.0,5.0,0.5571,negligible
categorical,House type,Solar user,dwelling~energy,substantive,chi2,cramers_v,0.0,,,0.8072,0.984,70,5.0,2.0,0.2286,negligible
categorical,Main occupation,Night-lighting restraint,demographic~behaviour,substantive,chi2,cramers_v,0.0,,,0.8103,0.984,70,5.0,3.0,0.0857,negligible
categorical,Construction period,House type,dwelling,substantive,chi2,cramers_v,0.0,,,0.8183,0.984,70,6.0,5.0,0.0857,negligible
categorical,Outer-wall material,Ironing efficiency,dwelling~behaviour,substantive,chi2,cramers_v,0.0,,,0.8256,0.984,70,3.0,5.0,0.1714,negligible
categorical,Architectural design level,Main occupation,dwelling~demographic,substantive,chi2,cramers_v,0.0,,,0.8264,0.984,70,6.0,5.0,0.0143,negligible
categorical,Gender,Night-lighting restraint,demographic~behaviour,substantive,chi2,cramers_v,0.0,,,0.8421,0.984,70,2.0,3.0,1.1143,negligible
categorical,Architectural design level,Meter-checking frequency,dwelling~behaviour,substantive,chi2,cramers_v,0.0,,,0.8457,0.984,70,6.0,4.0,0.2,negligible
categorical,House type,Meter-checking frequency,dwelling~behaviour,substantive,chi2,cramers_v,0.0,,,0.8505,0.984,70,5.0,4.0,0.2,negligible
categorical,Bill-calculation literacy,Night-lighting restraint,behaviour,substantive,chi2,cramers_v,0.0,,,0.8536,0.984,70,3.0,3.0,1.2,negligible
categorical,Construction period,Bill-calculation literacy,dwelling~behaviour,substantive,chi2,cramers_v,0.0,,,0.8542,0.984,70,6.0,3.0,1.2,negligible
categorical,Outer-wall material,Main occupation,dwelling~demographic,substantive,chi2,cramers_v,0.0,,,0.8564,0.984,70,3.0,5.0,0.0571,negligible
categorical,Construction period,Any disconnection notice,dwelling~energy,substantive,chi2,cramers_v,0.0,,,0.8656,0.984,70,6.0,2.0,1.2,negligible
categorical,Ironing efficiency,Energy-rating awareness,behaviour,substantive,chi2,cramers_v,0.0,,,0.8735,0.984,70,5.0,2.0,0.8143,negligible
categorical,Gender,Bill-calculation literacy,demographic~behaviour,substantive,chi2,cramers_v,0.0,,,0.8765,0.984,70,2.0,3.0,2.6,negligible
categorical,House type,Relationship to head,dwelling~demographic,substantive,chi2,cramers_v,0.0,,,0.8828,0.984,70,5.0,7.0,0.0143,negligible
categorical,Outer-wall material,Solar user,dwelling~energy,substantive,chi2,cramers_v,0.0,,,0.8882,0.984,70,3.0,2.0,0.9143,negligible
categorical,Gender,Main occupation,demographic,substantive,chi2,cramers_v,0.0,,,0.8884,0.984,70,2.0,5.0,0.1857,negligible
categorical,Main occupation,Province,demographic~context,substantive,chi2,cramers_v,0.0,,,0.8918,0.984,70,5.0,6.0,0.0143,negligible
categorical,Uses renewable source,Meter-checking frequency,energy~behaviour,substantive,chi2,cramers_v,0.0,,,0.8956,0.984,70,2.0,4.0,2.4,negligible
categorical,Construction period,Uses renewable source,dwelling~energy,substantive,chi2,cramers_v,0.0,,,0.8964,0.984,70,6.0,2.0,1.0286,negligible
categorical,House type,Uses renewable source,dwelling~energy,substantive,chi2,cramers_v,0.0,,,0.8969,0.984,70,5.0,2.0,0.1714,negligible
categorical,Province,Bill-calculation literacy,context~behaviour,substantive,chi2,cramers_v,0.0,,,0.9054,0.984,70,6.0,3.0,0.2,negligible
categorical,Outer-wall material,Uses renewable source,dwelling~energy,substantive,chi2,cramers_v,0.0,,,0.906,0.984,70,3.0,2.0,0.6857,negligible
categorical,Relationship to head,Ironing efficiency,demographic~behaviour,substantive,chi2,cramers_v,0.0,,,0.9074,0.984,70,7.0,5.0,0.0429,negligible
categorical,Outer-wall material,Any disconnection notice,dwelling~energy,substantive,chi2,cramers_v,0.0,,,0.9123,0.984,70,3.0,2.0,0.8,negligible
categorical,Educational attendance,Province,demographic~context,substantive,chi2,cramers_v,0.0,,,0.9174,0.984,70,5.0,6.0,0.0143,negligible
categorical,Educational attendance,Professional wiring,demographic~energy,substantive,chi2,cramers_v,0.0,,,0.9219,0.984,70,5.0,3.0,0.0429,negligible
categorical,Outer-wall material,Province,dwelling~context,substantive,chi2,cramers_v,0.0,,,0.9355,0.993,70,3.0,6.0,0.0571,negligible
categorical,Relationship to head,Province,demographic~context,substantive,chi2,cramers_v,0.0,,,0.9427,0.9932,70,7.0,6.0,0.0143,negligible
categorical,Outer-wall material,Bill-payment practice,dwelling~energy,substantive,chi2,cramers_v,0.0,,,0.9506,0.9932,70,3.0,4.0,0.4,negligible
categorical,House type,Province,dwelling~context,substantive,chi2,cramers_v,0.0,,,0.9526,0.9932,70,5.0,6.0,0.0143,negligible
categorical,Province,Energy-rating awareness,context~behaviour,substantive,chi2,cramers_v,0.0,,,0.9566,0.9932,70,6.0,2.0,0.2714,negligible
categorical,House type,Professional wiring,dwelling~energy,substantive,chi2,cramers_v,0.0,,,0.9791,1.0,70,5.0,3.0,0.0429,negligible
categorical,Professional wiring,Night-lighting restraint,energy~behaviour,substantive,chi2,cramers_v,0.0,,,0.9793,1.0,70,3.0,3.0,0.2571,negligible
categorical,House type,Main occupation,dwelling~demographic,substantive,chi2,cramers_v,0.0,,,0.9917,1.0,70,5.0,5.0,0.0143,negligible
categorical,Any disconnection notice,Energy-rating awareness,energy~behaviour,substantive,fisher,cramers_v,0.0,,,1.0,1.0,70,2.0,2.0,3.8,negligible
categorical,Any disconnection notice,Solar user,energy,substantive,fisher,cramers_v,0.0,,,1.0,1.0,70,2.0,2.0,3.2,negligible
categorical,Any disconnection notice,Uses renewable source,energy,substantive,fisher,cramers_v,0.0,,,1.0,1.0,70,2.0,2.0,2.4,negligible
categorical,Gender,Uses renewable source,demographic~energy,substantive,fisher,cramers_v,0.0,,,1.0,1.0,70,2.0,2.0,2.2286,negligible
numeric,Non-food expenditure (Rs/mo),Total expenditure (Rs/mo),?,tautological,spearman,spearman_rho,0.915,0.8387,0.9575,0.0,0.0,69,,,,large
numeric,Food expenditure (Rs/mo),Total expenditure (Rs/mo),?,tautological,spearman,spearman_rho,0.8089,0.6685,0.9066,0.0,0.0,69,,,,large
numeric,Energy-rating awareness,Energy-Consciousness Index (0-100),behaviour~?,tautological,spearman,spearman_rho,0.6176,0.4578,0.7369,0.0,0.0,70,,,,large
numeric,Food expenditure (Rs/mo),Non-food expenditure (Rs/mo),?,substantive,spearman,spearman_rho,0.5614,0.3409,0.7388,0.0,0.0,69,,,,large
numeric,Meter-checking frequency,Energy-Consciousness Index (0-100),behaviour~?,tautological,spearman,spearman_rho,0.5521,0.3645,0.7072,0.0,0.0,70,,,,large
numeric,Bill-calculation literacy,Energy-Consciousness Index (0-100),behaviour~?,tautological,spearman,spearman_rho,0.3858,0.1706,0.5713,0.001,0.0107,70,,,,moderate
numeric,Ironing efficiency,Energy-Consciousness Index (0-100),behaviour~?,tautological,spearman,spearman_rho,0.3698,0.1388,0.5636,0.0016,0.0153,70,,,,moderate
numeric,Non-food expenditure (Rs/mo),Night-lighting restraint,?~behaviour,substantive,spearman,spearman_rho,-0.3031,-0.5083,-0.0796,0.0114,0.0937,69,,,,moderate
numeric,Total expenditure (Rs/mo),Night-lighting restraint,?~behaviour,substantive,spearman,spearman_rho,-0.2966,-0.5172,-0.0562,0.0133,0.0979,69,,,,small
numeric,Meter-checking frequency,Energy-rating awareness,behaviour,substantive,spearman,spearman_rho,0.2814,0.0485,0.4928,0.0183,0.1102,70,,,,small
numeric,Floor area (sq ft),Number of stories,?,substantive,spearman,spearman_rho,0.2921,0.0426,0.5187,0.0192,0.1102,64,,,,small
numeric,Night-lighting restraint,Energy-Consciousness Index (0-100),behaviour~?,tautological,spearman,spearman_rho,0.2775,0.0539,0.4792,0.02,0.1102,70,,,,small
numeric,Floor area (sq ft),Red notices (last year),?,substantive,spearman,spearman_rho,-0.2675,-0.4854,-0.0185,0.0312,0.1584,65,,,,small
numeric,Food expenditure (Rs/mo),Night-lighting restraint,?~behaviour,substantive,spearman,spearman_rho,-0.2261,-0.4575,0.0175,0.0618,0.2914,69,,,,small
numeric,Non-food expenditure (Rs/mo),Energy-Consciousness Index (0-100),?,substantive,spearman,spearman_rho,-0.2069,-0.44,0.0366,0.0881,0.3877,69,,,,small
numeric,Number of stories,Night-lighting restraint,?~behaviour,substantive,spearman,spearman_rho,-0.1816,-0.4027,0.0461,0.1353,0.5581,69,,,,small
numeric,Ironing efficiency,Night-lighting restraint,behaviour,substantive,spearman,spearman_rho,0.1746,-0.0426,0.3773,0.1482,0.5667,70,,,,small
numeric,Floor area (sq ft),Food expenditure (Rs/mo),?,substantive,spearman,spearman_rho,-0.1786,-0.3997,0.0502,0.1546,0.5667,65,,,,small
numeric,Total expenditure (Rs/mo),Energy-Consciousness Index (0-100),?,substantive,spearman,spearman_rho,-0.1683,-0.3999,0.0693,0.1667,0.5792,69,,,,small
numeric,Ironing efficiency,Meter-checking frequency,behaviour,substantive,spearman,spearman_rho,0.1492,-0.0999,0.3794,0.2175,0.6641,70,,,,small
numeric,Non-food expenditure (Rs/mo),Bill-calculation literacy,?~behaviour,substantive,spearman,spearman_rho,-0.1481,-0.3787,0.0867,0.2244,0.6641,69,,,,small
numeric,Number of stories,Ironing efficiency,?~behaviour,substantive,spearman,spearman_rho,-0.1478,-0.3865,0.1014,0.2255,0.6641,69,,,,small
numeric,Floor area (sq ft),Energy-rating awareness,?~behaviour,substantive,spearman,spearman_rho,-0.1505,-0.381,0.0967,0.2314,0.6641,65,,,,small
numeric,Number of stories,Total expenditure (Rs/mo),?,substantive,spearman,spearman_rho,0.1426,-0.0896,0.3663,0.246,0.6764,68,,,,small
numeric,Bill-calculation literacy,Meter-checking frequency,behaviour,substantive,spearman,spearman_rho,-0.1169,-0.3399,0.1187,0.3352,0.8848,70,,,,small
numeric,Bill-calculation literacy,Night-lighting restraint,behaviour,substantive,spearman,spearman_rho,-0.1126,-0.3441,0.124,0.3535,0.8973,70,,,,small
numeric,Food expenditure (Rs/mo),Energy-Consciousness Index (0-100),?,substantive,spearman,spearman_rho,-0.1031,-0.3512,0.1458,0.3991,0.924,69,,,,small
numeric,Food expenditure (Rs/mo),Red notices (last year),?,substantive,spearman,spearman_rho,0.0957,-0.1463,0.3196,0.434,0.924,69,,,,negligible
numeric,Red notices (last year),Night-lighting restraint,?~behaviour,substantive,spearman,spearman_rho,0.0937,-0.1186,0.3049,0.4405,0.924,70,,,,negligible
numeric,Red notices (last year),Meter-checking frequency,?~behaviour,substantive,spearman,spearman_rho,0.093,-0.1573,0.3301,0.4436,0.924,70,,,,negligible
numeric,Night-lighting restraint,Meter-checking frequency,behaviour,substantive,spearman,spearman_rho,-0.0869,-0.3053,0.1445,0.4745,0.924,70,,,,negligible
numeric,Number of stories,Food expenditure (Rs/mo),?,substantive,spearman,spearman_rho,0.0867,-0.1632,0.3253,0.4819,0.924,68,,,,negligible
numeric,Floor area (sq ft),Non-food expenditure (Rs/mo),?,substantive,spearman,spearman_rho,0.0858,-0.151,0.3068,0.4965,0.924,65,,,,negligible
numeric,Night-lighting restraint,Energy-rating awareness,behaviour,substantive,spearman,spearman_rho,-0.0788,-0.3112,0.1535,0.5168,0.924,70,,,,negligible
numeric,Floor area (sq ft),Energy-Consciousness Index (0-100),?,substantive,spearman,spearman_rho,-0.0817,-0.2967,0.1469,0.5178,0.924,65,,,,negligible
numeric,Number of stories,Bill-calculation literacy,?~behaviour,substantive,spearman,spearman_rho,0.0789,-0.1585,0.3221,0.5195,0.924,69,,,,negligible
numeric,Total expenditure (Rs/mo),Bill-calculation literacy,?~behaviour,substantive,spearman,spearman_rho,-0.0769,-0.3131,0.1579,0.53,0.924,69,,,,negligible
numeric,Number of stories,Red notices (last year),?,substantive,spearman,spearman_rho,-0.0765,-0.2984,0.1518,0.532,0.924,69,,,,negligible
numeric,Number of stories,Meter-checking frequency,?~behaviour,substantive,spearman,spearman_rho,-0.068,-0.3024,0.1738,0.579,0.9447,69,,,,negligible
numeric,Number of stories,Non-food expenditure (Rs/mo),?,substantive,spearman,spearman_rho,0.0668,-0.184,0.3154,0.5883,0.9447,68,,,,negligible
numeric,Number of stories,Energy-Consciousness Index (0-100),?,substantive,spearman,spearman_rho,-0.0631,-0.2924,0.1834,0.6064,0.9447,69,,,,negligible
numeric,Food expenditure (Rs/mo),Energy-rating awareness,?~behaviour,substantive,spearman,spearman_rho,0.061,-0.1831,0.2906,0.6187,0.9447,69,,,,negligible
numeric,Non-food expenditure (Rs/mo),Energy-rating awareness,?~behaviour,substantive,spearman,spearman_rho,-0.0575,-0.2811,0.1688,0.6386,0.9447,69,,,,negligible
numeric,Red notices (last year),Energy-rating awareness,?~behaviour,substantive,spearman,spearman_rho,-0.0535,-0.3135,0.1941,0.6601,0.9447,70,,,,negligible
numeric,Total expenditure (Rs/mo),Red notices (last year),?,substantive,spearman,spearman_rho,0.0534,-0.1807,0.2789,0.6631,0.9447,69,,,,negligible
numeric,Non-food expenditure (Rs/mo),Meter-checking frequency,?~behaviour,substantive,spearman,spearman_rho,0.0521,-0.2052,0.3128,0.6705,0.9447,69,,,,negligible
numeric,Bill-calculation literacy,Ironing efficiency,behaviour,substantive,spearman,spearman_rho,-0.0514,-0.2835,0.1874,0.6728,0.9447,70,,,,negligible
numeric,Non-food expenditure (Rs/mo),Red notices (last year),?,substantive,spearman,spearman_rho,0.0388,-0.1833,0.2531,0.7519,0.9911,69,,,,negligible
numeric,Bill-calculation literacy,Energy-rating awareness,behaviour,substantive,spearman,spearman_rho,0.0346,-0.1897,0.2624,0.7764,0.9911,70,,,,negligible
numeric,Total expenditure (Rs/mo),Meter-checking frequency,?~behaviour,substantive,spearman,spearman_rho,0.0345,-0.2188,0.2926,0.7782,0.9911,69,,,,negligible
numeric,Food expenditure (Rs/mo),Bill-calculation literacy,?~behaviour,substantive,spearman,spearman_rho,0.0337,-0.2143,0.2779,0.7835,0.9911,69,,,,negligible
numeric,Food expenditure (Rs/mo),Ironing efficiency,?~behaviour,substantive,spearman,spearman_rho,0.0312,-0.2223,0.2897,0.7991,0.9911,69,,,,negligible
numeric,Red notices (last year),Ironing efficiency,?~behaviour,substantive,spearman,spearman_rho,0.0272,-0.1884,0.246,0.8233,0.9911,70,,,,negligible
numeric,Floor area (sq ft),Ironing efficiency,?~behaviour,substantive,spearman,spearman_rho,-0.0258,-0.2351,0.1874,0.8386,0.9911,65,,,,negligible
numeric,Floor area (sq ft),Night-lighting restraint,?~behaviour,substantive,spearman,spearman_rho,-0.0252,-0.2565,0.2138,0.8421,0.9911,65,,,,negligible
numeric,Number of stories,Energy-rating awareness,?~behaviour,substantive,spearman,spearman_rho,0.0208,-0.2112,0.2534,0.8651,0.9911,69,,,,negligible
numeric,Red notices (last year),Energy-Consciousness Index (0-100),?,substantive,spearman,spearman_rho,0.0176,-0.2181,0.262,0.8851,0.9911,70,,,,negligible
numeric,Floor area (sq ft),Meter-checking frequency,?~behaviour,substantive,spearman,spearman_rho,-0.0151,-0.2603,0.2401,0.9052,0.9911,65,,,,negligible
numeric,Ironing efficiency,Energy-rating awareness,behaviour,substantive,spearman,spearman_rho,0.0144,-0.2082,0.2283,0.9057,0.9911,70,,,,negligible
numeric,Food expenditure (Rs/mo),Meter-checking frequency,?~behaviour,substantive,spearman,spearman_rho,-0.0138,-0.2601,0.234,0.9104,0.9911,69,,,,negligible
numeric,Non-food expenditure (Rs/mo),Ironing efficiency,?~behaviour,substantive,spearman,spearman_rho,-0.0088,-0.251,0.2385,0.9428,0.9911,69,,,,negligible
numeric,Total expenditure (Rs/mo),Ironing efficiency,?~behaviour,substantive,spearman,spearman_rho,-0.0072,-0.2399,0.2321,0.9531,0.9911,69,,,,negligible
numeric,Total expenditure (Rs/mo),Energy-rating awareness,?~behaviour,substantive,spearman,spearman_rho,-0.0058,-0.2362,0.2193,0.9622,0.9911,69,,,,negligible
numeric,Floor area (sq ft),Bill-calculation literacy,?~behaviour,substantive,spearman,spearman_rho,0.0048,-0.2498,0.259,0.9695,0.9911,65,,,,negligible
numeric,Red notices (last year),Bill-calculation literacy,?~behaviour,substantive,spearman,spearman_rho,-0.0014,-0.2622,0.2592,0.9907,0.9911,70,,,,negligible
numeric,Floor area (sq ft),Total expenditure (Rs/mo),?,substantive,spearman,spearman_rho,-0.0014,-0.23,0.2198,0.9911,0.9911,65,,,,negligible
